<?xml version="1.0" encoding="UTF-8"?>
<!DOCTYPE mapper 
PUBLIC "-//mybatis.org//DTD Mapper 3.0//EN" 
"http://mybatis.org/dtd/mybatis-3-mapper.dtd">

<mapper namespace="com.mw.member.dao.MemberDao">

	<!-- Member 타입의 resultMap -->
	<resultMap id="memberResult"
		type="com.mw.member.domain.Member">
		<id column="memIdx" property="memIdx" />
		<result column="memId" property="memId" />
		<result column="memPw" property="memPw" />
		<result column="memName" property="memName" />
		<result column="memGender" property="memGender" />
		<result column="memPhoto" property="memPhoto" />
	</resultMap>
	
	<!-- 회원가입 -->
	<insert id="insertMem"
		parameterType="com.mw.member.domain.Member" useGeneratedKeys="true"
		keyProperty="memIdx">
		INSERT INTO mem (memId, memPw, memName, memGender,
		memEmailCode, memPhoto, memSocial) VALUES
		(#{memId},#{memPw},#{memName},#{memGender},#{memEmailCode},#{memPhoto},#{memSocial})
	</insert>

	<!-- 회원 이메일 인증상태 memIdx로 조회 -->
	<select id="selectMemberByIdxEmailchk" resultType="int">
		SELECT
		COUNT(*) FROM mem WHERE memIdx=#{memIdx} and memEmailchk='Y'
	</select>

	<!-- 회원 이메일 인증 -->
	<update id="updateMemberEmailchk">
		UPDATE mem SET memEmailchk='Y' WHERE memIdx=#{param1}
		and
		memEmailCode=#{param2}
	</update>
	
	<!-- 로그인 -->
	<select id="selectLogin" resultMap="memberResult">
		SELECT * FROM mem WHERE
		memId=#{param1} and memPw=#{param2}
	</select>

	<select id="selectKakaoLogin" resultMap="memberResult">
		SELECT * FROM mem WHERE
		memId=#{memId}
	</select>
	
	<!-- 회원탈퇴 -->
	<delete id="deleteMemberByIdx">
		DELETE FROM mem WHERE memIdx=#{memIdx}
	</delete>

	<!-- 회원 정보 수정 -->
	<update id="updateMember"
		parameterType="map">
		UPDATE mem SET memPw=#{memPw}, memName=#{memName}
		WHERE memIdx=#{memIdx}
	</update>
	
	<!-- 사진업로드 -->
	<update id="updatePhoto" parameterType="com.mw.member.domain.Member"> 
		UPDATE mem SET memPhoto=#{memPhoto} WHERE memIdx=#{memIdx}
	</update>
	
	<!-- 아이디 존재유무 체크 -->
	<select id="selectMemberByIdCount" resultType="int">
	select count(*) from mem where memId=#{memId}
	</select>


</mapper>